Number of Topics,Coherence,Perpelxity
12,0.422479716695757,-8.400409198497481
13,0.43920919840900796,-8.69749696241333
14,0.39252356358798085,-8.728360968952758
15,0.42093779617378435,-8.888243541716022
16,0.4091130677426664,-8.970788357219648
17,0.4231817088014834,-9.169616861871692
18,0.42586567756845717,-9.3123692193825
19,0.4922503450167845,-9.425967097969384
