Number of Topics,Coherence,Perpelxity
18,0.42586567756845717,-9.3123692193825
19,0.4922503450167845,-9.425967097969384
