,auc,accuracy
0,0.4,0.36363636363636365
1,0.4,0.36363636363636365
2,0.4,0.36363636363636365
3,0.4,0.36363636363636365
4,0.4,0.36363636363636365
